Algorithm,MAE,RMSE
Stacking Ensemble,3.5039541159038414,5.194332191430574
XGBoost,3.5068685003139177,5.199399171410417
LightGBM,3.5148738472339196,5.208204482814311
Random Forest Regressor,3.6041283809417357,5.315749748432112
Linear Regression,3.6878273353574205,5.484173622276356
