Algorithm,MAE,RMSE
XGBoost,3.483945813538171,5.1418349112955815
Stacking Ensemble,3.484624158332495,5.141538413322867
LightGBM,3.491024729696921,5.148380654296385
Random Forest Regressor,3.5434472897015867,5.218099610199542
Linear Regression,3.635092411951433,5.37784242739808
