Algorithm,MAE,RMSE
Random Forest Regressor,4.964857498664684,8.710434849662585
Linear Regression,5.182000539233602,9.077092965159608
